Total_predicted,period
12.898586710963455,Jan 2025
13.650344739756367,Feb 2025
14.402102768549279,Mar 2025
15.153860797342194,Apr 2025
15.905618826135104,May 2025
16.657376854928017,Jun 2025
