Sales_predicted,period
297.3999999999999,1
305.9266666666666,2
314.59333333333325,3
323.25999999999993,4
332.0266666666666,5
340.6933333333332,6
