revenue_predicted,period
6804.3876142857125,Jan 2025
7017.076055238093,Feb 2025
6855.452396190473,Mar 2025
6959.688937142854,Apr 2025
7072.686398095235,May 2025
7429.505579047616,Jun 2025
