Sales_predicted,period
304.9999999999999,1
315.83333333333326,2
326.6666666666666,3
337.4999999999999,4
348.3333333333332,5
359.1666666666665,6
