Predicted Sales_predicted,period
57.42948132828799,Jun 2019
57.40171057548693,Jul 2019
57.374294041471614,Aug 2019
57.34574400734195,Sep 2019
57.31740650448374,Oct 2019
57.28687284515401,Nov 2019
